Subject,RunTime,Trial,TR,TrialType,CueValue,TrialOnset,CueOnset,DelayOnset,TargetOnset,FeedBackOnset,CueDuration,TargetDuration,CurrentTargetDuration,ITI,RT,ACC,KeyPressed,TrialGain,Total,TotalWinPercent,Timing
999_practice,23-May-2014 15:50:04,1,7,3,-$5,0.11442,2.0272,4.0305,6.8852,8.0204,2.0033,0.38395,0.400,6,0.41122,0,space,-$5,$-5.00,0,late
999_practice,23-May-2014 15:50:04,2,5,6,+$5,10.1822,16.0168,18.0201,20.9583,22.0267,2.0033,0.38396,0.400,2,0.38612,0,space,$0,$-5.00,0,late
999_practice,23-May-2014 15:50:04,3,5,5,+$1,24.0395,26.0166,28.0199,30.3737,32.0265,2.0033,0.33388,0.400,2,0.31463,1,space,+$1,$-4.00,0.02381,hit
999_practice,23-May-2014 15:50:04,4,5,1,-$0,34.0375,36.033,38.0196,40.9578,42.0262,1.9866,0.3172,0.400,2,0.3066,1,space,$0,$-4.00,0.047619,hit
999_practice,23-May-2014 15:50:04,5,6,2,-$1,44.0374,46.0161,48.0194,50.7572,52.026,2.0033,0.35057,0.400,4,0.33115,1,space,$0,$-4.00,0.071429,hit
999_practice,23-May-2014 15:50:04,6,6,4,+$0,54.037,58.0192,60.0224,62.3429,64.029,2.0033,0.31719,0.400,4,0.29746,1,space,+$0,$-4.00,0.095238,hit
999_practice,23-May-2014 15:50:04,7,7,6,+$5,66.0236,70.0222,72.0255,74.4795,76.0321,2.0033,0.38398,0.400,6,0.58487,0,space,$0,$-4.00,0.095238,late
999_practice,23-May-2014 15:50:04,8,5,1,-$0,78.0269,84.0285,86.0318,88.6862,90.0217,2.0033,0.38396,0.400,2,NaN,0,NaN,-$0,$-4.00,0.095238,noResponse
999_practice,23-May-2014 15:50:04,9,6,3,-$5,92.0327,94.0283,96.0316,98.9864,100.0215,2.0033,0.38396,0.400,4,NaN,0,NaN,-$5,$-9.00,0.095238,noResponse
